{
  "n_channels": 59,
  "channel_names": [
    "EEG 001",
    "EEG 002",
    "EEG 003",
    "EEG 004",
    "EEG 005",
    "EEG 006",
    "EEG 007",
    "EEG 008",
    "EEG 009",
    "EEG 010",
    "EEG 011",
    "EEG 012",
    "EEG 013",
    "EEG 014",
    "EEG 015",
    "EEG 016",
    "EEG 017",
    "EEG 018",
    "EEG 019",
    "EEG 020",
    "EEG 021",
    "EEG 022",
    "EEG 023",
    "EEG 024",
    "EEG 025",
    "EEG 026",
    "EEG 027",
    "EEG 028",
    "EEG 029",
    "EEG 030",
    "EEG 031",
    "EEG 032",
    "EEG 033",
    "EEG 034",
    "EEG 035",
    "EEG 036",
    "EEG 037",
    "EEG 038",
    "EEG 039",
    "EEG 040",
    "EEG 041",
    "EEG 042",
    "EEG 043",
    "EEG 044",
    "EEG 045",
    "EEG 046",
    "EEG 047",
    "EEG 048",
    "EEG 049",
    "EEG 050",
    "EEG 051",
    "EEG 052",
    "EEG 054",
    "EEG 055",
    "EEG 056",
    "EEG 057",
    "EEG 058",
    "EEG 059",
    "EEG 060"
  ],
  "sampling_rate": 150.15374755859375,
  "duration_seconds": 277.7086864497205,
  "n_samples": 41700,
  "filter_low": 0.1,
  "filter_high": 30.0,
  "artifacts_removed": [
    0
  ],
  "preprocessing_complete": true
}